t,product_id,product_name,demand_units
0,0,product0,0.0
0,1,product1,0.0
0,2,product2,0.0
0,3,product3,0.0
0,4,product4,0.0
0,5,product5,0.0
0,6,product6,0.0
0,7,product7,0.0
0,8,product8,0.0
0,9,product9,0.0
0,10,product10,0.0
0,11,product11,0.0
0,12,product12,0.0
0,13,product13,0.0
0,14,product14,0.0
0,15,product15,8.0
0,16,product16,0.0
0,17,product17,22.0
0,18,product18,0.0
0,19,product19,0.0
0,20,product20,0.0
0,21,product21,0.0
0,22,product22,0.0
0,23,product23,0.0
0,24,product24,0.0
0,25,product25,0.0
0,26,product26,0.0
0,27,product27,0.0
0,28,product28,0.0
0,29,product29,0.0
0,30,product30,0.0
0,31,product31,0.0
0,32,product32,0.0
0,33,product33,0.0
0,34,product34,0.0
0,35,product35,11.0
0,36,product36,6.0
0,37,product37,0.0
0,38,product38,0.0
0,39,product39,0.0
0,40,product40,0.0
0,41,product41,0.0
0,42,product42,0.0
0,43,product43,0.0
0,44,product44,0.0
0,45,product45,21.0
0,46,product46,15.0
0,47,product47,2.0
0,48,product48,33.0
0,49,product49,14.0
1,0,product0,0.0
1,1,product1,0.0
1,2,product2,0.0
1,3,product3,0.0
1,4,product4,0.0
1,5,product5,0.0
1,6,product6,0.0
1,7,product7,0.0
1,8,product8,0.0
1,9,product9,0.0
1,10,product10,0.0
1,11,product11,0.0
1,12,product12,0.0
1,13,product13,0.0
1,14,product14,0.0
1,15,product15,2.0
1,16,product16,0.0
1,17,product17,22.0
1,18,product18,0.0
1,19,product19,0.0
1,20,product20,0.0
1,21,product21,0.0
1,22,product22,0.0
1,23,product23,0.0
1,24,product24,0.0
1,25,product25,0.0
1,26,product26,0.0
1,27,product27,0.0
1,28,product28,0.0
1,29,product29,0.0
1,30,product30,0.0
1,31,product31,0.0
1,32,product32,0.0
1,33,product33,0.0
1,34,product34,0.0
1,35,product35,18.0
1,36,product36,13.0
1,37,product37,0.0
1,38,product38,0.0
1,39,product39,0.0
1,40,product40,0.0
1,41,product41,0.0
1,42,product42,0.0
1,43,product43,0.0
1,44,product44,0.0
1,45,product45,22.0
1,46,product46,5.0
1,47,product47,0.0
1,48,product48,40.0
1,49,product49,16.0
2,0,product0,0.0
2,1,product1,0.0
2,2,product2,0.0
2,3,product3,0.0
2,4,product4,0.0
2,5,product5,0.0
2,6,product6,0.0
2,7,product7,0.0
2,8,product8,0.0
2,9,product9,0.0
2,10,product10,0.0
2,11,product11,0.0
2,12,product12,0.0
2,13,product13,0.0
2,14,product14,0.0
2,15,product15,5.0
2,16,product16,0.0
2,17,product17,15.0
2,18,product18,0.0
2,19,product19,0.0
2,20,product20,0.0
2,21,product21,0.0
2,22,product22,0.0
2,23,product23,0.0
2,24,product24,0.0
2,25,product25,0.0
2,26,product26,0.0
2,27,product27,0.0
2,28,product28,0.0
2,29,product29,0.0
2,30,product30,0.0
2,31,product31,0.0
2,32,product32,0.0
2,33,product33,0.0
2,34,product34,0.0
2,35,product35,19.0
2,36,product36,5.0
2,37,product37,0.0
2,38,product38,0.0
2,39,product39,0.0
2,40,product40,0.0
2,41,product41,0.0
2,42,product42,0.0
2,43,product43,0.0
2,44,product44,0.0
2,45,product45,27.0
2,46,product46,8.0
2,47,product47,3.0
2,48,product48,35.0
2,49,product49,13.0
3,0,product0,0.0
3,1,product1,0.0
3,2,product2,0.0
3,3,product3,0.0
3,4,product4,0.0
3,5,product5,0.0
3,6,product6,0.0
3,7,product7,0.0
3,8,product8,0.0
3,9,product9,0.0
3,10,product10,0.0
3,11,product11,0.0
3,12,product12,0.0
3,13,product13,0.0
3,14,product14,0.0
3,15,product15,3.0
3,16,product16,0.0
3,17,product17,22.0
3,18,product18,0.0
3,19,product19,0.0
3,20,product20,0.0
3,21,product21,0.0
3,22,product22,0.0
3,23,product23,0.0
3,24,product24,0.0
3,25,product25,0.0
3,26,product26,0.0
3,27,product27,0.0
3,28,product28,0.0
3,29,product29,0.0
3,30,product30,0.0
3,31,product31,0.0
3,32,product32,0.0
3,33,product33,0.0
3,34,product34,0.0
3,35,product35,18.0
3,36,product36,7.0
3,37,product37,0.0
3,38,product38,0.0
3,39,product39,0.0
3,40,product40,0.0
3,41,product41,0.0
3,42,product42,0.0
3,43,product43,0.0
3,44,product44,0.0
3,45,product45,18.0
3,46,product46,3.0
3,47,product47,2.0
3,48,product48,30.0
3,49,product49,16.0
4,0,product0,0.0
4,1,product1,0.0
4,2,product2,0.0
4,3,product3,0.0
4,4,product4,0.0
4,5,product5,0.0
4,6,product6,0.0
4,7,product7,0.0
4,8,product8,0.0
4,9,product9,0.0
4,10,product10,0.0
4,11,product11,0.0
4,12,product12,0.0
4,13,product13,0.0
4,14,product14,0.0
4,15,product15,5.0
4,16,product16,0.0
4,17,product17,19.0
4,18,product18,0.0
4,19,product19,0.0
4,20,product20,0.0
4,21,product21,0.0
4,22,product22,0.0
4,23,product23,0.0
4,24,product24,0.0
4,25,product25,0.0
4,26,product26,0.0
4,27,product27,0.0
4,28,product28,0.0
4,29,product29,0.0
4,30,product30,0.0
4,31,product31,0.0
4,32,product32,0.0
4,33,product33,0.0
4,34,product34,0.0
4,35,product35,15.0
4,36,product36,13.0
4,37,product37,0.0
4,38,product38,0.0
4,39,product39,0.0
4,40,product40,0.0
4,41,product41,0.0
4,42,product42,0.0
4,43,product43,0.0
4,44,product44,0.0
4,45,product45,32.0
4,46,product46,3.0
4,47,product47,5.0
4,48,product48,33.0
4,49,product49,16.0
5,0,product0,0.0
5,1,product1,0.0
5,2,product2,0.0
5,3,product3,0.0
5,4,product4,0.0
5,5,product5,0.0
5,6,product6,0.0
5,7,product7,0.0
5,8,product8,0.0
5,9,product9,0.0
5,10,product10,0.0
5,11,product11,0.0
5,12,product12,0.0
5,13,product13,0.0
5,14,product14,0.0
5,15,product15,26.0
5,16,product16,0.0
5,17,product17,5.0
5,18,product18,0.0
5,19,product19,0.0
5,20,product20,0.0
5,21,product21,0.0
5,22,product22,0.0
5,23,product23,0.0
5,24,product24,0.0
5,25,product25,0.0
5,26,product26,0.0
5,27,product27,0.0
5,28,product28,0.0
5,29,product29,0.0
5,30,product30,0.0
5,31,product31,0.0
5,32,product32,0.0
5,33,product33,0.0
5,34,product34,0.0
5,35,product35,17.0
5,36,product36,23.0
5,37,product37,0.0
5,38,product38,0.0
5,39,product39,0.0
5,40,product40,0.0
5,41,product41,0.0
5,42,product42,0.0
5,43,product43,0.0
5,44,product44,0.0
5,45,product45,8.0
5,46,product46,8.0
5,47,product47,17.0
5,48,product48,10.0
5,49,product49,18.0
6,0,product0,0.0
6,1,product1,0.0
6,2,product2,0.0
6,3,product3,0.0
6,4,product4,0.0
6,5,product5,0.0
6,6,product6,0.0
6,7,product7,0.0
6,8,product8,0.0
6,9,product9,0.0
6,10,product10,0.0
6,11,product11,0.0
6,12,product12,0.0
6,13,product13,0.0
6,14,product14,0.0
6,15,product15,32.0
6,16,product16,0.0
6,17,product17,1.0
6,18,product18,0.0
6,19,product19,0.0
6,20,product20,0.0
6,21,product21,0.0
6,22,product22,0.0
6,23,product23,0.0
6,24,product24,0.0
6,25,product25,0.0
6,26,product26,0.0
6,27,product27,0.0
6,28,product28,0.0
6,29,product29,0.0
6,30,product30,0.0
6,31,product31,0.0
6,32,product32,0.0
6,33,product33,0.0
6,34,product34,0.0
6,35,product35,28.0
6,36,product36,24.0
6,37,product37,0.0
6,38,product38,0.0
6,39,product39,0.0
6,40,product40,0.0
6,41,product41,0.0
6,42,product42,0.0
6,43,product43,0.0
6,44,product44,0.0
6,45,product45,7.0
6,46,product46,10.0
6,47,product47,15.0
6,48,product48,10.0
6,49,product49,17.0
7,0,product0,0.0
7,1,product1,0.0
7,2,product2,0.0
7,3,product3,0.0
7,4,product4,0.0
7,5,product5,0.0
7,6,product6,0.0
7,7,product7,0.0
7,8,product8,0.0
7,9,product9,0.0
7,10,product10,0.0
7,11,product11,0.0
7,12,product12,0.0
7,13,product13,0.0
7,14,product14,0.0
7,15,product15,7.0
7,16,product16,0.0
7,17,product17,13.0
7,18,product18,0.0
7,19,product19,0.0
7,20,product20,0.0
7,21,product21,0.0
7,22,product22,0.0
7,23,product23,0.0
7,24,product24,0.0
7,25,product25,0.0
7,26,product26,0.0
7,27,product27,0.0
7,28,product28,0.0
7,29,product29,0.0
7,30,product30,0.0
7,31,product31,0.0
7,32,product32,0.0
7,33,product33,0.0
7,34,product34,0.0
7,35,product35,27.0
7,36,product36,4.0
7,37,product37,0.0
7,38,product38,0.0
7,39,product39,0.0
7,40,product40,0.0
7,41,product41,0.0
7,42,product42,0.0
7,43,product43,0.0
7,44,product44,0.0
7,45,product45,37.0
7,46,product46,10.0
7,47,product47,7.0
7,48,product48,34.0
7,49,product49,13.0
8,0,product0,0.0
8,1,product1,0.0
8,2,product2,0.0
8,3,product3,0.0
8,4,product4,0.0
8,5,product5,0.0
8,6,product6,0.0
8,7,product7,0.0
8,8,product8,0.0
8,9,product9,0.0
8,10,product10,0.0
8,11,product11,0.0
8,12,product12,0.0
8,13,product13,0.0
8,14,product14,0.0
8,15,product15,9.0
8,16,product16,0.0
8,17,product17,16.0
8,18,product18,0.0
8,19,product19,0.0
8,20,product20,0.0
8,21,product21,0.0
8,22,product22,0.0
8,23,product23,0.0
8,24,product24,0.0
8,25,product25,0.0
8,26,product26,0.0
8,27,product27,0.0
8,28,product28,0.0
8,29,product29,0.0
8,30,product30,0.0
8,31,product31,0.0
8,32,product32,0.0
8,33,product33,0.0
8,34,product34,0.0
8,35,product35,16.0
8,36,product36,4.0
8,37,product37,0.0
8,38,product38,0.0
8,39,product39,0.0
8,40,product40,0.0
8,41,product41,0.0
8,42,product42,0.0
8,43,product43,0.0
8,44,product44,0.0
8,45,product45,24.0
8,46,product46,2.0
8,47,product47,4.0
8,48,product48,34.0
8,49,product49,11.0
9,0,product0,0.0
9,1,product1,0.0
9,2,product2,0.0
9,3,product3,0.0
9,4,product4,0.0
9,5,product5,0.0
9,6,product6,0.0
9,7,product7,0.0
9,8,product8,0.0
9,9,product9,0.0
9,10,product10,0.0
9,11,product11,0.0
9,12,product12,0.0
9,13,product13,0.0
9,14,product14,0.0
9,15,product15,11.0
9,16,product16,0.0
9,17,product17,20.0
9,18,product18,0.0
9,19,product19,0.0
9,20,product20,0.0
9,21,product21,0.0
9,22,product22,0.0
9,23,product23,0.0
9,24,product24,0.0
9,25,product25,0.0
9,26,product26,0.0
9,27,product27,0.0
9,28,product28,0.0
9,29,product29,0.0
9,30,product30,0.0
9,31,product31,0.0
9,32,product32,0.0
9,33,product33,0.0
9,34,product34,0.0
9,35,product35,17.0
9,36,product36,2.0
9,37,product37,0.0
9,38,product38,0.0
9,39,product39,0.0
9,40,product40,0.0
9,41,product41,0.0
9,42,product42,0.0
9,43,product43,0.0
9,44,product44,0.0
9,45,product45,29.0
9,46,product46,5.0
9,47,product47,2.0
9,48,product48,28.0
9,49,product49,11.0
10,0,product0,0.0
10,1,product1,0.0
10,2,product2,0.0
10,3,product3,0.0
10,4,product4,0.0
10,5,product5,0.0
10,6,product6,0.0
10,7,product7,0.0
10,8,product8,0.0
10,9,product9,0.0
10,10,product10,0.0
10,11,product11,0.0
10,12,product12,0.0
10,13,product13,0.0
10,14,product14,0.0
10,15,product15,7.0
10,16,product16,0.0
10,17,product17,12.0
10,18,product18,0.0
10,19,product19,0.0
10,20,product20,0.0
10,21,product21,0.0
10,22,product22,0.0
10,23,product23,0.0
10,24,product24,0.0
10,25,product25,0.0
10,26,product26,0.0
10,27,product27,0.0
10,28,product28,0.0
10,29,product29,0.0
10,30,product30,0.0
10,31,product31,0.0
10,32,product32,0.0
10,33,product33,0.0
10,34,product34,0.0
10,35,product35,15.0
10,36,product36,6.0
10,37,product37,0.0
10,38,product38,0.0
10,39,product39,0.0
10,40,product40,0.0
10,41,product41,0.0
10,42,product42,0.0
10,43,product43,0.0
10,44,product44,0.0
10,45,product45,28.0
10,46,product46,8.0
10,47,product47,3.0
10,48,product48,30.0
10,49,product49,15.0
11,0,product0,0.0
11,1,product1,0.0
11,2,product2,0.0
11,3,product3,0.0
11,4,product4,0.0
11,5,product5,0.0
11,6,product6,0.0
11,7,product7,0.0
11,8,product8,0.0
11,9,product9,0.0
11,10,product10,0.0
11,11,product11,0.0
11,12,product12,0.0
11,13,product13,0.0
11,14,product14,0.0
11,15,product15,9.0
11,16,product16,0.0
11,17,product17,15.0
11,18,product18,0.0
11,19,product19,0.0
11,20,product20,0.0
11,21,product21,0.0
11,22,product22,0.0
11,23,product23,0.0
11,24,product24,0.0
11,25,product25,0.0
11,26,product26,0.0
11,27,product27,0.0
11,28,product28,0.0
11,29,product29,0.0
11,30,product30,0.0
11,31,product31,0.0
11,32,product32,0.0
11,33,product33,0.0
11,34,product34,0.0
11,35,product35,15.0
11,36,product36,9.0
11,37,product37,0.0
11,38,product38,0.0
11,39,product39,0.0
11,40,product40,0.0
11,41,product41,0.0
11,42,product42,0.0
11,43,product43,0.0
11,44,product44,0.0
11,45,product45,33.0
11,46,product46,9.0
11,47,product47,6.0
11,48,product48,29.0
11,49,product49,9.0
12,0,product0,0.0
12,1,product1,0.0
12,2,product2,0.0
12,3,product3,0.0
12,4,product4,0.0
12,5,product5,0.0
12,6,product6,0.0
12,7,product7,0.0
12,8,product8,0.0
12,9,product9,0.0
12,10,product10,0.0
12,11,product11,0.0
12,12,product12,0.0
12,13,product13,0.0
12,14,product14,0.0
12,15,product15,21.0
12,16,product16,0.0
12,17,product17,0.0
12,18,product18,0.0
12,19,product19,0.0
12,20,product20,0.0
12,21,product21,0.0
12,22,product22,0.0
12,23,product23,0.0
12,24,product24,0.0
12,25,product25,0.0
12,26,product26,0.0
12,27,product27,0.0
12,28,product28,0.0
12,29,product29,0.0
12,30,product30,0.0
12,31,product31,0.0
12,32,product32,0.0
12,33,product33,0.0
12,34,product34,0.0
12,35,product35,16.0
12,36,product36,24.0
12,37,product37,0.0
12,38,product38,0.0
12,39,product39,0.0
12,40,product40,0.0
12,41,product41,0.0
12,42,product42,0.0
12,43,product43,0.0
12,44,product44,0.0
12,45,product45,5.0
12,46,product46,9.0
12,47,product47,18.0
12,48,product48,9.0
12,49,product49,14.0
13,0,product0,0.0
13,1,product1,0.0
13,2,product2,0.0
13,3,product3,0.0
13,4,product4,0.0
13,5,product5,0.0
13,6,product6,0.0
13,7,product7,0.0
13,8,product8,0.0
13,9,product9,0.0
13,10,product10,0.0
13,11,product11,0.0
13,12,product12,0.0
13,13,product13,0.0
13,14,product14,0.0
13,15,product15,25.0
13,16,product16,0.0
13,17,product17,6.0
13,18,product18,0.0
13,19,product19,0.0
13,20,product20,0.0
13,21,product21,0.0
13,22,product22,0.0
13,23,product23,0.0
13,24,product24,0.0
13,25,product25,0.0
13,26,product26,0.0
13,27,product27,0.0
13,28,product28,0.0
13,29,product29,0.0
13,30,product30,0.0
13,31,product31,0.0
13,32,product32,0.0
13,33,product33,0.0
13,34,product34,0.0
13,35,product35,22.0
13,36,product36,23.0
13,37,product37,0.0
13,38,product38,0.0
13,39,product39,0.0
13,40,product40,0.0
13,41,product41,0.0
13,42,product42,0.0
13,43,product43,0.0
13,44,product44,0.0
13,45,product45,12.0
13,46,product46,6.0
13,47,product47,13.0
13,48,product48,8.0
13,49,product49,5.0
14,0,product0,0.0
14,1,product1,0.0
14,2,product2,0.0
14,3,product3,0.0
14,4,product4,0.0
14,5,product5,0.0
14,6,product6,0.0
14,7,product7,0.0
14,8,product8,0.0
14,9,product9,0.0
14,10,product10,0.0
14,11,product11,0.0
14,12,product12,0.0
14,13,product13,0.0
14,14,product14,0.0
14,15,product15,5.0
14,16,product16,0.0
14,17,product17,10.0
14,18,product18,0.0
14,19,product19,0.0
14,20,product20,0.0
14,21,product21,0.0
14,22,product22,0.0
14,23,product23,0.0
14,24,product24,0.0
14,25,product25,0.0
14,26,product26,0.0
14,27,product27,0.0
14,28,product28,0.0
14,29,product29,0.0
14,30,product30,0.0
14,31,product31,0.0
14,32,product32,0.0
14,33,product33,0.0
14,34,product34,0.0
14,35,product35,17.0
14,36,product36,5.0
14,37,product37,0.0
14,38,product38,0.0
14,39,product39,0.0
14,40,product40,0.0
14,41,product41,0.0
14,42,product42,0.0
14,43,product43,0.0
14,44,product44,0.0
14,45,product45,28.0
14,46,product46,9.0
14,47,product47,1.0
14,48,product48,29.0
14,49,product49,8.0
15,0,product0,0.0
15,1,product1,0.0
15,2,product2,0.0
15,3,product3,0.0
15,4,product4,0.0
15,5,product5,0.0
15,6,product6,0.0
15,7,product7,0.0
15,8,product8,0.0
15,9,product9,0.0
15,10,product10,0.0
15,11,product11,0.0
15,12,product12,0.0
15,13,product13,0.0
15,14,product14,0.0
15,15,product15,6.0
15,16,product16,0.0
15,17,product17,13.0
15,18,product18,0.0
15,19,product19,0.0
15,20,product20,0.0
15,21,product21,0.0
15,22,product22,0.0
15,23,product23,0.0
15,24,product24,0.0
15,25,product25,0.0
15,26,product26,0.0
15,27,product27,0.0
15,28,product28,0.0
15,29,product29,0.0
15,30,product30,0.0
15,31,product31,0.0
15,32,product32,0.0
15,33,product33,0.0
15,34,product34,0.0
15,35,product35,9.0
15,36,product36,8.0
15,37,product37,0.0
15,38,product38,0.0
15,39,product39,0.0
15,40,product40,0.0
15,41,product41,0.0
15,42,product42,0.0
15,43,product43,0.0
15,44,product44,0.0
15,45,product45,33.0
15,46,product46,5.0
15,47,product47,3.0
15,48,product48,37.0
15,49,product49,8.0
16,0,product0,0.0
16,1,product1,0.0
16,2,product2,0.0
16,3,product3,0.0
16,4,product4,0.0
16,5,product5,0.0
16,6,product6,0.0
16,7,product7,0.0
16,8,product8,0.0
16,9,product9,0.0
16,10,product10,0.0
16,11,product11,0.0
16,12,product12,0.0
16,13,product13,0.0
16,14,product14,0.0
16,15,product15,5.0
16,16,product16,0.0
16,17,product17,13.0
16,18,product18,0.0
16,19,product19,0.0
16,20,product20,0.0
16,21,product21,0.0
16,22,product22,0.0
16,23,product23,0.0
16,24,product24,0.0
16,25,product25,0.0
16,26,product26,0.0
16,27,product27,0.0
16,28,product28,0.0
16,29,product29,0.0
16,30,product30,0.0
16,31,product31,0.0
16,32,product32,0.0
16,33,product33,0.0
16,34,product34,0.0
16,35,product35,15.0
16,36,product36,4.0
16,37,product37,0.0
16,38,product38,0.0
16,39,product39,0.0
16,40,product40,0.0
16,41,product41,0.0
16,42,product42,0.0
16,43,product43,0.0
16,44,product44,0.0
16,45,product45,25.0
16,46,product46,5.0
16,47,product47,3.0
16,48,product48,31.0
16,49,product49,9.0
17,0,product0,0.0
17,1,product1,0.0
17,2,product2,0.0
17,3,product3,0.0
17,4,product4,0.0
17,5,product5,0.0
17,6,product6,0.0
17,7,product7,0.0
17,8,product8,0.0
17,9,product9,0.0
17,10,product10,0.0
17,11,product11,0.0
17,12,product12,0.0
17,13,product13,0.0
17,14,product14,0.0
17,15,product15,4.0
17,16,product16,0.0
17,17,product17,14.0
17,18,product18,0.0
17,19,product19,0.0
17,20,product20,0.0
17,21,product21,0.0
17,22,product22,0.0
17,23,product23,0.0
17,24,product24,0.0
17,25,product25,0.0
17,26,product26,0.0
17,27,product27,0.0
17,28,product28,0.0
17,29,product29,0.0
17,30,product30,0.0
17,31,product31,0.0
17,32,product32,0.0
17,33,product33,0.0
17,34,product34,0.0
17,35,product35,20.0
17,36,product36,6.0
17,37,product37,0.0
17,38,product38,0.0
17,39,product39,0.0
17,40,product40,0.0
17,41,product41,0.0
17,42,product42,0.0
17,43,product43,0.0
17,44,product44,0.0
17,45,product45,28.0
17,46,product46,5.0
17,47,product47,4.0
17,48,product48,29.0
17,49,product49,13.0
18,0,product0,0.0
18,1,product1,0.0
18,2,product2,0.0
18,3,product3,0.0
18,4,product4,0.0
18,5,product5,0.0
18,6,product6,0.0
18,7,product7,0.0
18,8,product8,0.0
18,9,product9,0.0
18,10,product10,0.0
18,11,product11,0.0
18,12,product12,0.0
18,13,product13,0.0
18,14,product14,0.0
18,15,product15,4.0
18,16,product16,0.0
18,17,product17,15.0
18,18,product18,0.0
18,19,product19,0.0
18,20,product20,0.0
18,21,product21,0.0
18,22,product22,0.0
18,23,product23,0.0
18,24,product24,0.0
18,25,product25,0.0
18,26,product26,0.0
18,27,product27,0.0
18,28,product28,0.0
18,29,product29,0.0
18,30,product30,0.0
18,31,product31,0.0
18,32,product32,0.0
18,33,product33,0.0
18,34,product34,0.0
18,35,product35,11.0
18,36,product36,5.0
18,37,product37,0.0
18,38,product38,0.0
18,39,product39,0.0
18,40,product40,0.0
18,41,product41,0.0
18,42,product42,0.0
18,43,product43,0.0
18,44,product44,0.0
18,45,product45,25.0
18,46,product46,4.0
18,47,product47,2.0
18,48,product48,23.0
18,49,product49,11.0
19,0,product0,0.0
19,1,product1,0.0
19,2,product2,0.0
19,3,product3,0.0
19,4,product4,0.0
19,5,product5,0.0
19,6,product6,0.0
19,7,product7,0.0
19,8,product8,0.0
19,9,product9,0.0
19,10,product10,0.0
19,11,product11,0.0
19,12,product12,0.0
19,13,product13,0.0
19,14,product14,0.0
19,15,product15,28.0
19,16,product16,0.0
19,17,product17,4.0
19,18,product18,0.0
19,19,product19,0.0
19,20,product20,0.0
19,21,product21,0.0
19,22,product22,0.0
19,23,product23,0.0
19,24,product24,0.0
19,25,product25,0.0
19,26,product26,0.0
19,27,product27,0.0
19,28,product28,0.0
19,29,product29,0.0
19,30,product30,0.0
19,31,product31,0.0
19,32,product32,0.0
19,33,product33,0.0
19,34,product34,0.0
19,35,product35,16.0
19,36,product36,13.0
19,37,product37,0.0
19,38,product38,0.0
19,39,product39,0.0
19,40,product40,0.0
19,41,product41,0.0
19,42,product42,0.0
19,43,product43,0.0
19,44,product44,0.0
19,45,product45,4.0
19,46,product46,14.0
19,47,product47,12.0
19,48,product48,7.0
19,49,product49,9.0
20,0,product0,0.0
20,1,product1,0.0
20,2,product2,0.0
20,3,product3,0.0
20,4,product4,0.0
20,5,product5,0.0
20,6,product6,0.0
20,7,product7,0.0
20,8,product8,0.0
20,9,product9,0.0
20,10,product10,0.0
20,11,product11,0.0
20,12,product12,0.0
20,13,product13,0.0
20,14,product14,0.0
20,15,product15,24.0
20,16,product16,0.0
20,17,product17,3.0
20,18,product18,0.0
20,19,product19,0.0
20,20,product20,0.0
20,21,product21,0.0
20,22,product22,0.0
20,23,product23,0.0
20,24,product24,0.0
20,25,product25,0.0
20,26,product26,0.0
20,27,product27,0.0
20,28,product28,0.0
20,29,product29,0.0
20,30,product30,0.0
20,31,product31,0.0
20,32,product32,0.0
20,33,product33,0.0
20,34,product34,0.0
20,35,product35,14.0
20,36,product36,26.0
20,37,product37,0.0
20,38,product38,0.0
20,39,product39,0.0
20,40,product40,0.0
20,41,product41,0.0
20,42,product42,0.0
20,43,product43,0.0
20,44,product44,0.0
20,45,product45,3.0
20,46,product46,7.0
20,47,product47,10.0
20,48,product48,7.0
20,49,product49,7.0
21,0,product0,0.0
21,1,product1,0.0
21,2,product2,0.0
21,3,product3,0.0
21,4,product4,0.0
21,5,product5,0.0
21,6,product6,0.0
21,7,product7,0.0
21,8,product8,0.0
21,9,product9,0.0
21,10,product10,0.0
21,11,product11,0.0
21,12,product12,0.0
21,13,product13,0.0
21,14,product14,0.0
21,15,product15,0.0
21,16,product16,0.0
21,17,product17,12.0
21,18,product18,0.0
21,19,product19,0.0
21,20,product20,0.0
21,21,product21,0.0
21,22,product22,0.0
21,23,product23,0.0
21,24,product24,0.0
21,25,product25,0.0
21,26,product26,0.0
21,27,product27,0.0
21,28,product28,0.0
21,29,product29,0.0
21,30,product30,0.0
21,31,product31,0.0
21,32,product32,0.0
21,33,product33,0.0
21,34,product34,0.0
21,35,product35,18.0
21,36,product36,2.0
21,37,product37,0.0
21,38,product38,0.0
21,39,product39,0.0
21,40,product40,0.0
21,41,product41,0.0
21,42,product42,0.0
21,43,product43,0.0
21,44,product44,0.0
21,45,product45,28.0
21,46,product46,6.0
21,47,product47,2.0
21,48,product48,28.0
21,49,product49,12.0
22,0,product0,0.0
22,1,product1,0.0
22,2,product2,0.0
22,3,product3,0.0
22,4,product4,0.0
22,5,product5,0.0
22,6,product6,0.0
22,7,product7,0.0
22,8,product8,0.0
22,9,product9,0.0
22,10,product10,0.0
22,11,product11,0.0
22,12,product12,0.0
22,13,product13,0.0
22,14,product14,0.0
22,15,product15,2.0
22,16,product16,0.0
22,17,product17,12.0
22,18,product18,0.0
22,19,product19,0.0
22,20,product20,0.0
22,21,product21,0.0
22,22,product22,0.0
22,23,product23,0.0
22,24,product24,0.0
22,25,product25,0.0
22,26,product26,0.0
22,27,product27,0.0
22,28,product28,0.0
22,29,product29,0.0
22,30,product30,0.0
22,31,product31,0.0
22,32,product32,0.0
22,33,product33,0.0
22,34,product34,0.0
22,35,product35,16.0
22,36,product36,9.0
22,37,product37,0.0
22,38,product38,0.0
22,39,product39,0.0
22,40,product40,0.0
22,41,product41,0.0
22,42,product42,0.0
22,43,product43,0.0
22,44,product44,0.0
22,45,product45,33.0
22,46,product46,6.0
22,47,product47,2.0
22,48,product48,20.0
22,49,product49,12.0
23,0,product0,0.0
23,1,product1,0.0
23,2,product2,0.0
23,3,product3,0.0
23,4,product4,0.0
23,5,product5,0.0
23,6,product6,0.0
23,7,product7,0.0
23,8,product8,0.0
23,9,product9,0.0
23,10,product10,0.0
23,11,product11,0.0
23,12,product12,0.0
23,13,product13,0.0
23,14,product14,0.0
23,15,product15,8.0
23,16,product16,0.0
23,17,product17,11.0
23,18,product18,0.0
23,19,product19,0.0
23,20,product20,0.0
23,21,product21,0.0
23,22,product22,0.0
23,23,product23,0.0
23,24,product24,0.0
23,25,product25,0.0
23,26,product26,0.0
23,27,product27,0.0
23,28,product28,0.0
23,29,product29,0.0
23,30,product30,0.0
23,31,product31,0.0
23,32,product32,0.0
23,33,product33,0.0
23,34,product34,0.0
23,35,product35,15.0
23,36,product36,3.0
23,37,product37,0.0
23,38,product38,0.0
23,39,product39,0.0
23,40,product40,0.0
23,41,product41,0.0
23,42,product42,0.0
23,43,product43,0.0
23,44,product44,0.0
23,45,product45,16.0
23,46,product46,9.0
23,47,product47,5.0
23,48,product48,35.0
23,49,product49,11.0
24,0,product0,0.0
24,1,product1,0.0
24,2,product2,0.0
24,3,product3,0.0
24,4,product4,0.0
24,5,product5,0.0
24,6,product6,0.0
24,7,product7,0.0
24,8,product8,0.0
24,9,product9,0.0
24,10,product10,0.0
24,11,product11,0.0
24,12,product12,0.0
24,13,product13,0.0
24,14,product14,0.0
24,15,product15,1.0
24,16,product16,0.0
24,17,product17,14.0
24,18,product18,0.0
24,19,product19,0.0
24,20,product20,0.0
24,21,product21,0.0
24,22,product22,0.0
24,23,product23,0.0
24,24,product24,0.0
24,25,product25,0.0
24,26,product26,0.0
24,27,product27,0.0
24,28,product28,0.0
24,29,product29,0.0
24,30,product30,0.0
24,31,product31,0.0
24,32,product32,0.0
24,33,product33,0.0
24,34,product34,0.0
24,35,product35,17.0
24,36,product36,9.0
24,37,product37,0.0
24,38,product38,0.0
24,39,product39,0.0
24,40,product40,0.0
24,41,product41,0.0
24,42,product42,0.0
24,43,product43,0.0
24,44,product44,0.0
24,45,product45,29.0
24,46,product46,7.0
24,47,product47,3.0
24,48,product48,22.0
24,49,product49,8.0
25,0,product0,0.0
25,1,product1,0.0
25,2,product2,0.0
25,3,product3,0.0
25,4,product4,0.0
25,5,product5,0.0
25,6,product6,0.0
25,7,product7,0.0
25,8,product8,0.0
25,9,product9,0.0
25,10,product10,0.0
25,11,product11,0.0
25,12,product12,0.0
25,13,product13,0.0
25,14,product14,0.0
25,15,product15,7.0
25,16,product16,0.0
25,17,product17,18.0
25,18,product18,0.0
25,19,product19,0.0
25,20,product20,0.0
25,21,product21,0.0
25,22,product22,0.0
25,23,product23,0.0
25,24,product24,0.0
25,25,product25,0.0
25,26,product26,0.0
25,27,product27,0.0
25,28,product28,0.0
25,29,product29,0.0
25,30,product30,0.0
25,31,product31,0.0
25,32,product32,0.0
25,33,product33,0.0
25,34,product34,0.0
25,35,product35,11.0
25,36,product36,2.0
25,37,product37,0.0
25,38,product38,0.0
25,39,product39,0.0
25,40,product40,0.0
25,41,product41,0.0
25,42,product42,0.0
25,43,product43,0.0
25,44,product44,0.0
25,45,product45,9.0
25,46,product46,5.0
25,47,product47,3.0
25,48,product48,22.0
25,49,product49,10.0
26,0,product0,0.0
26,1,product1,0.0
26,2,product2,0.0
26,3,product3,0.0
26,4,product4,0.0
26,5,product5,0.0
26,6,product6,0.0
26,7,product7,0.0
26,8,product8,0.0
26,9,product9,0.0
26,10,product10,0.0
26,11,product11,0.0
26,12,product12,0.0
26,13,product13,0.0
26,14,product14,0.0
26,15,product15,33.0
26,16,product16,0.0
26,17,product17,4.0
26,18,product18,0.0
26,19,product19,0.0
26,20,product20,0.0
26,21,product21,0.0
26,22,product22,0.0
26,23,product23,0.0
26,24,product24,0.0
26,25,product25,0.0
26,26,product26,0.0
26,27,product27,0.0
26,28,product28,0.0
26,29,product29,0.0
26,30,product30,0.0
26,31,product31,0.0
26,32,product32,0.0
26,33,product33,0.0
26,34,product34,0.0
26,35,product35,15.0
26,36,product36,21.0
26,37,product37,0.0
26,38,product38,0.0
26,39,product39,0.0
26,40,product40,0.0
26,41,product41,0.0
26,42,product42,0.0
26,43,product43,0.0
26,44,product44,0.0
26,45,product45,3.0
26,46,product46,13.0
26,47,product47,12.0
26,48,product48,6.0
26,49,product49,6.0
27,0,product0,0.0
27,1,product1,0.0
27,2,product2,0.0
27,3,product3,0.0
27,4,product4,0.0
27,5,product5,0.0
27,6,product6,0.0
27,7,product7,0.0
27,8,product8,0.0
27,9,product9,0.0
27,10,product10,0.0
27,11,product11,0.0
27,12,product12,0.0
27,13,product13,0.0
27,14,product14,0.0
27,15,product15,20.0
27,16,product16,0.0
27,17,product17,1.0
27,18,product18,0.0
27,19,product19,0.0
27,20,product20,0.0
27,21,product21,0.0
27,22,product22,0.0
27,23,product23,0.0
27,24,product24,0.0
27,25,product25,0.0
27,26,product26,0.0
27,27,product27,0.0
27,28,product28,0.0
27,29,product29,0.0
27,30,product30,0.0
27,31,product31,0.0
27,32,product32,0.0
27,33,product33,0.0
27,34,product34,0.0
27,35,product35,21.0
27,36,product36,29.0
27,37,product37,0.0
27,38,product38,0.0
27,39,product39,0.0
27,40,product40,0.0
27,41,product41,0.0
27,42,product42,0.0
27,43,product43,0.0
27,44,product44,0.0
27,45,product45,4.0
27,46,product46,5.0
27,47,product47,12.0
27,48,product48,6.0
27,49,product49,5.0
28,0,product0,0.0
28,1,product1,0.0
28,2,product2,0.0
28,3,product3,0.0
28,4,product4,0.0
28,5,product5,0.0
28,6,product6,0.0
28,7,product7,0.0
28,8,product8,0.0
28,9,product9,0.0
28,10,product10,0.0
28,11,product11,0.0
28,12,product12,0.0
28,13,product13,0.0
28,14,product14,0.0
28,15,product15,4.0
28,16,product16,0.0
28,17,product17,17.0
28,18,product18,0.0
28,19,product19,0.0
28,20,product20,0.0
28,21,product21,0.0
28,22,product22,0.0
28,23,product23,0.0
28,24,product24,0.0
28,25,product25,0.0
28,26,product26,0.0
28,27,product27,0.0
28,28,product28,0.0
28,29,product29,0.0
28,30,product30,0.0
28,31,product31,0.0
28,32,product32,0.0
28,33,product33,0.0
28,34,product34,0.0
28,35,product35,17.0
28,36,product36,14.0
28,37,product37,0.0
28,38,product38,0.0
28,39,product39,0.0
28,40,product40,0.0
28,41,product41,0.0
28,42,product42,0.0
28,43,product43,0.0
28,44,product44,0.0
28,45,product45,28.0
28,46,product46,11.0
28,47,product47,2.0
28,48,product48,25.0
28,49,product49,7.0
29,0,product0,0.0
29,1,product1,0.0
29,2,product2,0.0
29,3,product3,0.0
29,4,product4,0.0
29,5,product5,0.0
29,6,product6,0.0
29,7,product7,0.0
29,8,product8,0.0
29,9,product9,0.0
29,10,product10,0.0
29,11,product11,0.0
29,12,product12,0.0
29,13,product13,0.0
29,14,product14,0.0
29,15,product15,2.0
29,16,product16,0.0
29,17,product17,13.0
29,18,product18,0.0
29,19,product19,0.0
29,20,product20,0.0
29,21,product21,0.0
29,22,product22,0.0
29,23,product23,0.0
29,24,product24,0.0
29,25,product25,0.0
29,26,product26,0.0
29,27,product27,0.0
29,28,product28,0.0
29,29,product29,0.0
29,30,product30,0.0
29,31,product31,0.0
29,32,product32,0.0
29,33,product33,0.0
29,34,product34,0.0
29,35,product35,17.0
29,36,product36,8.0
29,37,product37,0.0
29,38,product38,0.0
29,39,product39,0.0
29,40,product40,0.0
29,41,product41,0.0
29,42,product42,0.0
29,43,product43,0.0
29,44,product44,0.0
29,45,product45,29.0
29,46,product46,4.0
29,47,product47,3.0
29,48,product48,47.0
29,49,product49,5.0
30,0,product0,0.0
30,1,product1,0.0
30,2,product2,0.0
30,3,product3,0.0
30,4,product4,0.0
30,5,product5,0.0
30,6,product6,0.0
30,7,product7,0.0
30,8,product8,0.0
30,9,product9,0.0
30,10,product10,0.0
30,11,product11,0.0
30,12,product12,0.0
30,13,product13,0.0
30,14,product14,0.0
30,15,product15,6.0
30,16,product16,0.0
30,17,product17,17.0
30,18,product18,0.0
30,19,product19,0.0
30,20,product20,0.0
30,21,product21,0.0
30,22,product22,0.0
30,23,product23,0.0
30,24,product24,0.0
30,25,product25,0.0
30,26,product26,0.0
30,27,product27,0.0
30,28,product28,0.0
30,29,product29,0.0
30,30,product30,0.0
30,31,product31,0.0
30,32,product32,0.0
30,33,product33,0.0
30,34,product34,0.0
30,35,product35,17.0
30,36,product36,7.0
30,37,product37,0.0
30,38,product38,0.0
30,39,product39,0.0
30,40,product40,0.0
30,41,product41,0.0
30,42,product42,0.0
30,43,product43,0.0
30,44,product44,0.0
30,45,product45,23.0
30,46,product46,9.0
30,47,product47,2.0
30,48,product48,22.0
30,49,product49,12.0
31,0,product0,0.0
31,1,product1,0.0
31,2,product2,0.0
31,3,product3,0.0
31,4,product4,0.0
31,5,product5,0.0
31,6,product6,0.0
31,7,product7,0.0
31,8,product8,0.0
31,9,product9,0.0
31,10,product10,0.0
31,11,product11,0.0
31,12,product12,0.0
31,13,product13,0.0
31,14,product14,0.0
31,15,product15,6.0
31,16,product16,0.0
31,17,product17,21.0
31,18,product18,0.0
31,19,product19,0.0
31,20,product20,0.0
31,21,product21,0.0
31,22,product22,0.0
31,23,product23,0.0
31,24,product24,0.0
31,25,product25,0.0
31,26,product26,0.0
31,27,product27,0.0
31,28,product28,0.0
31,29,product29,0.0
31,30,product30,0.0
31,31,product31,0.0
31,32,product32,0.0
31,33,product33,0.0
31,34,product34,0.0
31,35,product35,12.0
31,36,product36,5.0
31,37,product37,0.0
31,38,product38,0.0
31,39,product39,0.0
31,40,product40,0.0
31,41,product41,0.0
31,42,product42,0.0
31,43,product43,0.0
31,44,product44,0.0
31,45,product45,20.0
31,46,product46,7.0
31,47,product47,3.0
31,48,product48,29.0
31,49,product49,7.0
32,0,product0,0.0
32,1,product1,0.0
32,2,product2,0.0
32,3,product3,0.0
32,4,product4,0.0
32,5,product5,0.0
32,6,product6,0.0
32,7,product7,0.0
32,8,product8,0.0
32,9,product9,0.0
32,10,product10,0.0
32,11,product11,0.0
32,12,product12,0.0
32,13,product13,0.0
32,14,product14,0.0
32,15,product15,3.0
32,16,product16,0.0
32,17,product17,8.0
32,18,product18,0.0
32,19,product19,0.0
32,20,product20,0.0
32,21,product21,0.0
32,22,product22,0.0
32,23,product23,0.0
32,24,product24,0.0
32,25,product25,0.0
32,26,product26,0.0
32,27,product27,0.0
32,28,product28,0.0
32,29,product29,0.0
32,30,product30,0.0
32,31,product31,0.0
32,32,product32,0.0
32,33,product33,0.0
32,34,product34,0.0
32,35,product35,17.0
32,36,product36,5.0
32,37,product37,0.0
32,38,product38,0.0
32,39,product39,0.0
32,40,product40,0.0
32,41,product41,0.0
32,42,product42,0.0
32,43,product43,0.0
32,44,product44,0.0
32,45,product45,28.0
32,46,product46,5.0
32,47,product47,4.0
32,48,product48,22.0
32,49,product49,6.0
33,0,product0,0.0
33,1,product1,0.0
33,2,product2,0.0
33,3,product3,0.0
33,4,product4,0.0
33,5,product5,0.0
33,6,product6,0.0
33,7,product7,0.0
33,8,product8,0.0
33,9,product9,0.0
33,10,product10,0.0
33,11,product11,0.0
33,12,product12,0.0
33,13,product13,0.0
33,14,product14,0.0
33,15,product15,16.0
33,16,product16,0.0
33,17,product17,4.0
33,18,product18,0.0
33,19,product19,0.0
33,20,product20,0.0
33,21,product21,0.0
33,22,product22,0.0
33,23,product23,0.0
33,24,product24,0.0
33,25,product25,0.0
33,26,product26,0.0
33,27,product27,0.0
33,28,product28,0.0
33,29,product29,0.0
33,30,product30,0.0
33,31,product31,0.0
33,32,product32,0.0
33,33,product33,0.0
33,34,product34,0.0
33,35,product35,9.0
33,36,product36,36.0
33,37,product37,0.0
33,38,product38,0.0
33,39,product39,0.0
33,40,product40,0.0
33,41,product41,0.0
33,42,product42,0.0
33,43,product43,0.0
33,44,product44,0.0
33,45,product45,6.0
33,46,product46,5.0
33,47,product47,20.0
33,48,product48,8.0
33,49,product49,10.0
34,0,product0,0.0
34,1,product1,0.0
34,2,product2,0.0
34,3,product3,0.0
34,4,product4,0.0
34,5,product5,0.0
34,6,product6,0.0
34,7,product7,0.0
34,8,product8,0.0
34,9,product9,0.0
34,10,product10,0.0
34,11,product11,0.0
34,12,product12,0.0
34,13,product13,0.0
34,14,product14,0.0
34,15,product15,20.0
34,16,product16,0.0
34,17,product17,6.0
34,18,product18,0.0
34,19,product19,0.0
34,20,product20,0.0
34,21,product21,0.0
34,22,product22,0.0
34,23,product23,0.0
34,24,product24,0.0
34,25,product25,0.0
34,26,product26,0.0
34,27,product27,0.0
34,28,product28,0.0
34,29,product29,0.0
34,30,product30,0.0
34,31,product31,0.0
34,32,product32,0.0
34,33,product33,0.0
34,34,product34,0.0
34,35,product35,17.0
34,36,product36,32.0
34,37,product37,0.0
34,38,product38,0.0
34,39,product39,0.0
34,40,product40,0.0
34,41,product41,0.0
34,42,product42,0.0
34,43,product43,0.0
34,44,product44,0.0
34,45,product45,2.0
34,46,product46,6.0
34,47,product47,21.0
34,48,product48,6.0
34,49,product49,12.0
35,0,product0,0.0
35,1,product1,0.0
35,2,product2,0.0
35,3,product3,0.0
35,4,product4,0.0
35,5,product5,0.0
35,6,product6,0.0
35,7,product7,0.0
35,8,product8,0.0
35,9,product9,0.0
35,10,product10,0.0
35,11,product11,0.0
35,12,product12,0.0
35,13,product13,0.0
35,14,product14,0.0
35,15,product15,4.0
35,16,product16,0.0
35,17,product17,9.0
35,18,product18,0.0
35,19,product19,0.0
35,20,product20,0.0
35,21,product21,0.0
35,22,product22,0.0
35,23,product23,0.0
35,24,product24,0.0
35,25,product25,0.0
35,26,product26,0.0
35,27,product27,0.0
35,28,product28,0.0
35,29,product29,0.0
35,30,product30,0.0
35,31,product31,0.0
35,32,product32,0.0
35,33,product33,0.0
35,34,product34,0.0
35,35,product35,13.0
35,36,product36,6.0
35,37,product37,0.0
35,38,product38,0.0
35,39,product39,0.0
35,40,product40,0.0
35,41,product41,0.0
35,42,product42,0.0
35,43,product43,0.0
35,44,product44,0.0
35,45,product45,27.0
35,46,product46,7.0
35,47,product47,3.0
35,48,product48,20.0
35,49,product49,9.0
36,0,product0,0.0
36,1,product1,0.0
36,2,product2,0.0
36,3,product3,0.0
36,4,product4,0.0
36,5,product5,0.0
36,6,product6,0.0
36,7,product7,0.0
36,8,product8,0.0
36,9,product9,0.0
36,10,product10,0.0
36,11,product11,0.0
36,12,product12,0.0
36,13,product13,0.0
36,14,product14,0.0
36,15,product15,3.0
36,16,product16,0.0
36,17,product17,9.0
36,18,product18,0.0
36,19,product19,0.0
36,20,product20,0.0
36,21,product21,0.0
36,22,product22,0.0
36,23,product23,0.0
36,24,product24,0.0
36,25,product25,0.0
36,26,product26,0.0
36,27,product27,0.0
36,28,product28,0.0
36,29,product29,0.0
36,30,product30,0.0
36,31,product31,0.0
36,32,product32,0.0
36,33,product33,0.0
36,34,product34,0.0
36,35,product35,19.0
36,36,product36,7.0
36,37,product37,0.0
36,38,product38,0.0
36,39,product39,0.0
36,40,product40,0.0
36,41,product41,0.0
36,42,product42,0.0
36,43,product43,0.0
36,44,product44,0.0
36,45,product45,21.0
36,46,product46,2.0
36,47,product47,3.0
36,48,product48,39.0
36,49,product49,12.0
37,0,product0,0.0
37,1,product1,0.0
37,2,product2,0.0
37,3,product3,0.0
37,4,product4,0.0
37,5,product5,0.0
37,6,product6,0.0
37,7,product7,0.0
37,8,product8,0.0
37,9,product9,0.0
37,10,product10,0.0
37,11,product11,0.0
37,12,product12,0.0
37,13,product13,0.0
37,14,product14,0.0
37,15,product15,4.0
37,16,product16,0.0
37,17,product17,14.0
37,18,product18,0.0
37,19,product19,0.0
37,20,product20,0.0
37,21,product21,0.0
37,22,product22,0.0
37,23,product23,0.0
37,24,product24,0.0
37,25,product25,0.0
37,26,product26,0.0
37,27,product27,0.0
37,28,product28,0.0
37,29,product29,0.0
37,30,product30,0.0
37,31,product31,0.0
37,32,product32,0.0
37,33,product33,0.0
37,34,product34,0.0
37,35,product35,10.0
37,36,product36,15.0
37,37,product37,0.0
37,38,product38,0.0
37,39,product39,0.0
37,40,product40,0.0
37,41,product41,0.0
37,42,product42,0.0
37,43,product43,0.0
37,44,product44,0.0
37,45,product45,30.0
37,46,product46,3.0
37,47,product47,4.0
37,48,product48,26.0
37,49,product49,15.0
38,0,product0,0.0
38,1,product1,0.0
38,2,product2,0.0
38,3,product3,0.0
38,4,product4,0.0
38,5,product5,0.0
38,6,product6,0.0
38,7,product7,0.0
38,8,product8,0.0
38,9,product9,0.0
38,10,product10,0.0
38,11,product11,0.0
38,12,product12,0.0
38,13,product13,0.0
38,14,product14,0.0
38,15,product15,3.0
38,16,product16,0.0
38,17,product17,10.0
38,18,product18,0.0
38,19,product19,0.0
38,20,product20,0.0
38,21,product21,0.0
38,22,product22,0.0
38,23,product23,0.0
38,24,product24,0.0
38,25,product25,0.0
38,26,product26,0.0
38,27,product27,0.0
38,28,product28,0.0
38,29,product29,0.0
38,30,product30,0.0
38,31,product31,0.0
38,32,product32,0.0
38,33,product33,0.0
38,34,product34,0.0
38,35,product35,7.0
38,36,product36,10.0
38,37,product37,0.0
38,38,product38,0.0
38,39,product39,0.0
38,40,product40,0.0
38,41,product41,0.0
38,42,product42,0.0
38,43,product43,0.0
38,44,product44,0.0
38,45,product45,23.0
38,46,product46,2.0
38,47,product47,3.0
38,48,product48,23.0
38,49,product49,9.0
39,0,product0,0.0
39,1,product1,0.0
39,2,product2,0.0
39,3,product3,0.0
39,4,product4,0.0
39,5,product5,0.0
39,6,product6,0.0
39,7,product7,0.0
39,8,product8,0.0
39,9,product9,0.0
39,10,product10,0.0
39,11,product11,0.0
39,12,product12,0.0
39,13,product13,0.0
39,14,product14,0.0
39,15,product15,7.0
39,16,product16,0.0
39,17,product17,6.0
39,18,product18,0.0
39,19,product19,0.0
39,20,product20,0.0
39,21,product21,0.0
39,22,product22,0.0
39,23,product23,0.0
39,24,product24,0.0
39,25,product25,0.0
39,26,product26,0.0
39,27,product27,0.0
39,28,product28,0.0
39,29,product29,0.0
39,30,product30,0.0
39,31,product31,0.0
39,32,product32,0.0
39,33,product33,0.0
39,34,product34,0.0
39,35,product35,21.0
39,36,product36,8.0
39,37,product37,0.0
39,38,product38,0.0
39,39,product39,0.0
39,40,product40,0.0
39,41,product41,0.0
39,42,product42,0.0
39,43,product43,0.0
39,44,product44,0.0
39,45,product45,31.0
39,46,product46,6.0
39,47,product47,1.0
39,48,product48,42.0
39,49,product49,12.0
40,0,product0,0.0
40,1,product1,0.0
40,2,product2,0.0
40,3,product3,0.0
40,4,product4,0.0
40,5,product5,0.0
40,6,product6,0.0
40,7,product7,0.0
40,8,product8,0.0
40,9,product9,0.0
40,10,product10,0.0
40,11,product11,0.0
40,12,product12,0.0
40,13,product13,0.0
40,14,product14,0.0
40,15,product15,21.0
40,16,product16,0.0
40,17,product17,5.0
40,18,product18,0.0
40,19,product19,0.0
40,20,product20,0.0
40,21,product21,0.0
40,22,product22,0.0
40,23,product23,0.0
40,24,product24,0.0
40,25,product25,0.0
40,26,product26,0.0
40,27,product27,0.0
40,28,product28,0.0
40,29,product29,0.0
40,30,product30,0.0
40,31,product31,0.0
40,32,product32,0.0
40,33,product33,0.0
40,34,product34,0.0
40,35,product35,13.0
40,36,product36,32.0
40,37,product37,0.0
40,38,product38,0.0
40,39,product39,0.0
40,40,product40,0.0
40,41,product41,0.0
40,42,product42,0.0
40,43,product43,0.0
40,44,product44,0.0
40,45,product45,7.0
40,46,product46,2.0
40,47,product47,11.0
40,48,product48,11.0
40,49,product49,12.0
41,0,product0,0.0
41,1,product1,0.0
41,2,product2,0.0
41,3,product3,0.0
41,4,product4,0.0
41,5,product5,0.0
41,6,product6,0.0
41,7,product7,0.0
41,8,product8,0.0
41,9,product9,0.0
41,10,product10,0.0
41,11,product11,0.0
41,12,product12,0.0
41,13,product13,0.0
41,14,product14,0.0
41,15,product15,15.0
41,16,product16,0.0
41,17,product17,4.0
41,18,product18,0.0
41,19,product19,0.0
41,20,product20,0.0
41,21,product21,0.0
41,22,product22,0.0
41,23,product23,0.0
41,24,product24,0.0
41,25,product25,0.0
41,26,product26,0.0
41,27,product27,0.0
41,28,product28,0.0
41,29,product29,0.0
41,30,product30,0.0
41,31,product31,0.0
41,32,product32,0.0
41,33,product33,0.0
41,34,product34,0.0
41,35,product35,4.0
41,36,product36,22.0
41,37,product37,0.0
41,38,product38,0.0
41,39,product39,0.0
41,40,product40,0.0
41,41,product41,0.0
41,42,product42,0.0
41,43,product43,0.0
41,44,product44,0.0
41,45,product45,15.0
41,46,product46,3.0
41,47,product47,16.0
41,48,product48,7.0
41,49,product49,11.0
42,0,product0,0.0
42,1,product1,0.0
42,2,product2,0.0
42,3,product3,0.0
42,4,product4,0.0
42,5,product5,0.0
42,6,product6,0.0
42,7,product7,0.0
42,8,product8,0.0
42,9,product9,0.0
42,10,product10,0.0
42,11,product11,0.0
42,12,product12,0.0
42,13,product13,0.0
42,14,product14,0.0
42,15,product15,1.0
42,16,product16,0.0
42,17,product17,6.0
42,18,product18,0.0
42,19,product19,0.0
42,20,product20,0.0
42,21,product21,0.0
42,22,product22,0.0
42,23,product23,0.0
42,24,product24,0.0
42,25,product25,0.0
42,26,product26,0.0
42,27,product27,0.0
42,28,product28,0.0
42,29,product29,0.0
42,30,product30,0.0
42,31,product31,0.0
42,32,product32,0.0
42,33,product33,0.0
42,34,product34,0.0
42,35,product35,8.0
42,36,product36,4.0
42,37,product37,0.0
42,38,product38,0.0
42,39,product39,0.0
42,40,product40,0.0
42,41,product41,0.0
42,42,product42,0.0
42,43,product43,0.0
42,44,product44,0.0
42,45,product45,24.0
42,46,product46,7.0
42,47,product47,4.0
42,48,product48,31.0
42,49,product49,11.0
43,0,product0,0.0
43,1,product1,0.0
43,2,product2,0.0
43,3,product3,0.0
43,4,product4,0.0
43,5,product5,0.0
43,6,product6,0.0
43,7,product7,0.0
43,8,product8,0.0
43,9,product9,0.0
43,10,product10,0.0
43,11,product11,0.0
43,12,product12,0.0
43,13,product13,0.0
43,14,product14,0.0
43,15,product15,3.0
43,16,product16,0.0
43,17,product17,3.0
43,18,product18,0.0
43,19,product19,0.0
43,20,product20,0.0
43,21,product21,0.0
43,22,product22,0.0
43,23,product23,0.0
43,24,product24,0.0
43,25,product25,0.0
43,26,product26,0.0
43,27,product27,0.0
43,28,product28,0.0
43,29,product29,0.0
43,30,product30,0.0
43,31,product31,0.0
43,32,product32,0.0
43,33,product33,0.0
43,34,product34,0.0
43,35,product35,10.0
43,36,product36,10.0
43,37,product37,0.0
43,38,product38,0.0
43,39,product39,0.0
43,40,product40,0.0
43,41,product41,0.0
43,42,product42,0.0
43,43,product43,0.0
43,44,product44,0.0
43,45,product45,25.0
43,46,product46,3.0
43,47,product47,6.0
43,48,product48,30.0
43,49,product49,11.0
44,0,product0,0.0
44,1,product1,0.0
44,2,product2,0.0
44,3,product3,0.0
44,4,product4,0.0
44,5,product5,0.0
44,6,product6,0.0
44,7,product7,0.0
44,8,product8,0.0
44,9,product9,0.0
44,10,product10,0.0
44,11,product11,0.0
44,12,product12,0.0
44,13,product13,0.0
44,14,product14,0.0
44,15,product15,5.0
44,16,product16,0.0
44,17,product17,8.0
44,18,product18,0.0
44,19,product19,0.0
44,20,product20,0.0
44,21,product21,0.0
44,22,product22,0.0
44,23,product23,0.0
44,24,product24,0.0
44,25,product25,0.0
44,26,product26,0.0
44,27,product27,0.0
44,28,product28,0.0
44,29,product29,0.0
44,30,product30,0.0
44,31,product31,0.0
44,32,product32,0.0
44,33,product33,0.0
44,34,product34,0.0
44,35,product35,9.0
44,36,product36,8.0
44,37,product37,0.0
44,38,product38,0.0
44,39,product39,0.0
44,40,product40,0.0
44,41,product41,0.0
44,42,product42,0.0
44,43,product43,0.0
44,44,product44,0.0
44,45,product45,33.0
44,46,product46,5.0
44,47,product47,3.0
44,48,product48,27.0
44,49,product49,10.0
45,0,product0,0.0
45,1,product1,0.0
45,2,product2,0.0
45,3,product3,0.0
45,4,product4,0.0
45,5,product5,0.0
45,6,product6,0.0
45,7,product7,0.0
45,8,product8,0.0
45,9,product9,0.0
45,10,product10,0.0
45,11,product11,0.0
45,12,product12,0.0
45,13,product13,0.0
45,14,product14,0.0
45,15,product15,5.0
45,16,product16,0.0
45,17,product17,7.0
45,18,product18,0.0
45,19,product19,0.0
45,20,product20,0.0
45,21,product21,0.0
45,22,product22,0.0
45,23,product23,0.0
45,24,product24,0.0
45,25,product25,0.0
45,26,product26,0.0
45,27,product27,0.0
45,28,product28,0.0
45,29,product29,0.0
45,30,product30,0.0
45,31,product31,0.0
45,32,product32,0.0
45,33,product33,0.0
45,34,product34,0.0
45,35,product35,11.0
45,36,product36,3.0
45,37,product37,0.0
45,38,product38,0.0
45,39,product39,0.0
45,40,product40,0.0
45,41,product41,0.0
45,42,product42,0.0
45,43,product43,0.0
45,44,product44,0.0
45,45,product45,28.0
45,46,product46,6.0
45,47,product47,3.0
45,48,product48,25.0
45,49,product49,7.0
46,0,product0,0.0
46,1,product1,0.0
46,2,product2,0.0
46,3,product3,0.0
46,4,product4,0.0
46,5,product5,0.0
46,6,product6,0.0
46,7,product7,0.0
46,8,product8,0.0
46,9,product9,0.0
46,10,product10,0.0
46,11,product11,0.0
46,12,product12,0.0
46,13,product13,0.0
46,14,product14,0.0
46,15,product15,3.0
46,16,product16,0.0
46,17,product17,14.0
46,18,product18,0.0
46,19,product19,0.0
46,20,product20,0.0
46,21,product21,0.0
46,22,product22,0.0
46,23,product23,0.0
46,24,product24,0.0
46,25,product25,0.0
46,26,product26,0.0
46,27,product27,0.0
46,28,product28,0.0
46,29,product29,0.0
46,30,product30,0.0
46,31,product31,0.0
46,32,product32,0.0
46,33,product33,0.0
46,34,product34,0.0
46,35,product35,10.0
46,36,product36,12.0
46,37,product37,0.0
46,38,product38,0.0
46,39,product39,0.0
46,40,product40,0.0
46,41,product41,0.0
46,42,product42,0.0
46,43,product43,0.0
46,44,product44,0.0
46,45,product45,36.0
46,46,product46,9.0
46,47,product47,6.0
46,48,product48,16.0
46,49,product49,10.0
47,0,product0,0.0
47,1,product1,0.0
47,2,product2,0.0
47,3,product3,0.0
47,4,product4,0.0
47,5,product5,0.0
47,6,product6,0.0
47,7,product7,0.0
47,8,product8,0.0
47,9,product9,0.0
47,10,product10,0.0
47,11,product11,0.0
47,12,product12,0.0
47,13,product13,0.0
47,14,product14,0.0
47,15,product15,27.0
47,16,product16,0.0
47,17,product17,3.0
47,18,product18,0.0
47,19,product19,0.0
47,20,product20,0.0
47,21,product21,0.0
47,22,product22,0.0
47,23,product23,0.0
47,24,product24,0.0
47,25,product25,0.0
47,26,product26,0.0
47,27,product27,0.0
47,28,product28,0.0
47,29,product29,0.0
47,30,product30,0.0
47,31,product31,0.0
47,32,product32,0.0
47,33,product33,0.0
47,34,product34,0.0
47,35,product35,12.0
47,36,product36,25.0
47,37,product37,0.0
47,38,product38,0.0
47,39,product39,0.0
47,40,product40,0.0
47,41,product41,0.0
47,42,product42,0.0
47,43,product43,0.0
47,44,product44,0.0
47,45,product45,8.0
47,46,product46,11.0
47,47,product47,11.0
47,48,product48,7.0
47,49,product49,15.0
48,0,product0,0.0
48,1,product1,0.0
48,2,product2,0.0
48,3,product3,0.0
48,4,product4,0.0
48,5,product5,0.0
48,6,product6,0.0
48,7,product7,0.0
48,8,product8,0.0
48,9,product9,0.0
48,10,product10,0.0
48,11,product11,0.0
48,12,product12,0.0
48,13,product13,0.0
48,14,product14,0.0
48,15,product15,18.0
48,16,product16,0.0
48,17,product17,1.0
48,18,product18,0.0
48,19,product19,0.0
48,20,product20,0.0
48,21,product21,0.0
48,22,product22,0.0
48,23,product23,0.0
48,24,product24,0.0
48,25,product25,0.0
48,26,product26,0.0
48,27,product27,0.0
48,28,product28,0.0
48,29,product29,0.0
48,30,product30,0.0
48,31,product31,0.0
48,32,product32,0.0
48,33,product33,0.0
48,34,product34,0.0
48,35,product35,9.0
48,36,product36,35.0
48,37,product37,0.0
48,38,product38,0.0
48,39,product39,0.0
48,40,product40,0.0
48,41,product41,0.0
48,42,product42,0.0
48,43,product43,0.0
48,44,product44,0.0
48,45,product45,8.0
48,46,product46,8.0
48,47,product47,14.0
48,48,product48,6.0
48,49,product49,6.0
49,0,product0,0.0
49,1,product1,0.0
49,2,product2,0.0
49,3,product3,0.0
49,4,product4,0.0
49,5,product5,0.0
49,6,product6,0.0
49,7,product7,0.0
49,8,product8,0.0
49,9,product9,0.0
49,10,product10,0.0
49,11,product11,0.0
49,12,product12,0.0
49,13,product13,0.0
49,14,product14,0.0
49,15,product15,6.0
49,16,product16,0.0
49,17,product17,10.0
49,18,product18,0.0
49,19,product19,0.0
49,20,product20,0.0
49,21,product21,0.0
49,22,product22,0.0
49,23,product23,0.0
49,24,product24,0.0
49,25,product25,0.0
49,26,product26,0.0
49,27,product27,0.0
49,28,product28,0.0
49,29,product29,0.0
49,30,product30,0.0
49,31,product31,0.0
49,32,product32,0.0
49,33,product33,0.0
49,34,product34,0.0
49,35,product35,10.0
49,36,product36,9.0
49,37,product37,0.0
49,38,product38,0.0
49,39,product39,0.0
49,40,product40,0.0
49,41,product41,0.0
49,42,product42,0.0
49,43,product43,0.0
49,44,product44,0.0
49,45,product45,22.0
49,46,product46,5.0
49,47,product47,4.0
49,48,product48,31.0
49,49,product49,12.0
